name,sequence,accession
DQB1*06:02,MSWKKALRIPGDLRVATVTLMLAMLSSLLAEGRDSPEDFVFQFKGMCYFTNGTERVRLVTRYIYNREEYARFDSDVGVYRAVTPQGRPDAEYWNSQKEVLEGTRAELDTVCRHNYEVAFRGILQRRVEPTVTISPSRTEALNHHNLLVCSVTDFYPGQIKVRWFRNDQEETAGVVSTPLIRNGDWTFQILVMLEMTPQRGDVYTCHVEHPSLQSPITVEWRAQSESAQSKMLSGVGGFVLGLIFLGLGLIIRQRSQKGLLH,HLA00646
DQA1*01:02,MILNKALLLGALALTTVMSPCGGEDIVADHVASCGVNLYQFYGPSGQYTHEFDGDEQFYVDLERKETAWRWPEFSKFGGFDPQGALRNMAVAKHNLNIMIKRYNSTAATNEVPEVTVFSKSPVTLGQPNTLICLVDNIFPPVVNITWLSNGQSVTEGVSETSFLSKSDHSFFKISYLTFLPSADEIYDCKVEHWGLDQPLLKHWEPEIPAPMSELTETVVCALGLSVGLMGIVVGTVFIIQGLRSVGASRHQGPL,HLA00602
DRB1*15:03,MVCLKLPGGSCMTALTVTLMVLSSPLALSGDTRPRFLWQPKRECHFFNGTERVRFLDRHFYNQEESVRFDSDVGEFRAVTELGRPDAEYWNSQKDILEQARAAVDTYCRHNYGVVESFTVQRRVQPKVTVYPSKTQPLQHHNLLVCSVSGFYPGSIEVRWFLNGQEEKAGMVSTGLIQNGDWTFQTLVMLETVPRSGEVYTCQVEHPSVTSPLTVEWRARSESAQSKMLSGVGGFVLGLLFLGAGLFIYFRNQKGHSGLQPTGFLS,HLA00870
DRB5*01:01,MVCLKLPGGSYMAKLTVTLMVLSSPLALAGDTRPRFLQQDKYECHFFNGTERVRFLHRDIYNQEEDLRFDSDVGEYRAVTELGRPDAEYWNSQKDFLEDRRAAVDTYCRHNYGVGESFTVQRRVEPKVTVYPARTQTLQHHNLLVCSVNGFYPGSIEVRWFRNSQEEKAGVVSTGLIQNGDWTFQTLVMLETVPRSGEVYTCQVEHPSVTSPLTVEWRAQSESAQSKMLSGVGGFVLGLLFLGAGLFIYFKNQKGHSGLHPTGLVS,HLA00915
DRB1*15:01,MVCLKLPGGSCMTALTVTLMVLSSPLALSGDTRPRFLWQPKRECHFFNGTERVRFLDRYFYNQEESVRFDSDVGEFRAVTELGRPDAEYWNSQKDILEQARAAVDTYCRHNYGVVESFTVQRRVQPKVTVYPSKTQPLQHHNLLVCSVSGFYPGSIEVRWFLNGQEEKAGMVSTGLIQNGDWTFQTLVMLETVPRSGEVYTCQVEHPSVTSPLTVEWRARSESAQSKMLSGVGGFVLGLLFLGAGLFIYFRNQKGHSGLQPTGFLS,HLA00865
DQA1*05:01,MILNKALMLGALALTTVMSPCGGEDIVADHVASYGVNLYQSYGPSGQYTHEFDGDEQFYVDLGRKETVWCLPVLRQFRFDPQFALTNIAVLKHNLNSLIKRSNSTAATNEVPEVTVFSKSPVTLGQPNILICLVDNIFPPVVNITWLSNGHSVTEGVSETSFLSKSDHSFFKISYLTLLPSAEESYDCKVEHWGLDKPLLKHWEPEIPAPMSELTETVVCALGLSVGLVGIVVGTVFIIRGLRSVGASRHQGPL,HLA00613
A*02:01,MAVMAPRTLVLLLSGALALTQTWAGSHSMRYFFTSVSRPGRGEPRFIAVGYVDDTQFVRFDSDAASQRMEPRAPWIEQEGPEYWDGETRKVKAHSQTHRVDLGTLRGYYNQSEAGSHTVQRMYGCDVGSDWRFLRGYHQYAYDGKDYIALKEDLRSWTAADMAAQTTKHKWEAAHVAEQLRAYLEGTCVEWLRRYLENGKETLQRTDAPKTHMTHHAVSDHEATLRCWALSFYPAEITLTWQRDGEDQTQDTELVETRPAGDGTFQKWAAVVVPSGQEQRYTCHVQHEGLPKPLTLRWEPSSQPTIPIVGIIAGLVLFGAVITGAVVAAVMWRRKSSDRKGGSYSQAASSDSAQGSDVSLTACKV,HLA00005
C*12:02,MRVMAPRTLILLLSGALALTETWACSHSMRYFYTAVSRPGRGEPRFIAVGYVDDTQFVRFDSDAASPRGEPRAPWVEQEGPEYWDRETQKYKRQAQADRVSLRNLRGYYNQSEAGSHTLQRMYGCDLGPDGRLLRGYDQSAYDGKDYIALNEDLRSWTAADTAAQITQRKWEAAREAEQWRAYLEGTCVEWLRRYLENGKETLQRAEHPKTHVTHHPVSDHEATLRCWALGFYPAEITLTWQRDGEDQTQDTELVETRPAGDGTFQKWAAVVVPSGEEQRYTCHVQHEGLPEPLTLRWEPSSQPTIPIVGIVAGLAVLAVLAVLGAVMAVVMCRRKSSGGKGGSCSQAASSNSAQGSDESLIACKA,HLA00453
A*24:02,MAVMAPRTLVLLLSGALALTQTWAGSHSMRYFSTSVSRPGRGEPRFIAVGYVDDTQFVRFDSDAASQRMEPRAPWIEQEGPEYWDEETGKVKAHSQTDRENLRIALRYYNQSEAGSHTLQMMFGCDVGSDGRFLRGYHQYAYDGKDYIALKEDLRSWTAADMAAQITKRKWEAAHVAEQQRAYLEGTCVDGLRRYLENGKETLQRTDPPKTHMTHHPISDHEATLRCWALGFYPAEITLTWQRDGEDQTQDTELVETRPAGDGTFQKWAAVVVPSGEEQRYTCHVQHEGLPKPLTLRWEPSSQPTVPIVGIIAGLVLLGAVITGAVVAAVMWRRNSSDRKGGSYSQAASSDSAQGSDVSLTACKV,HLA00050
B*35:01,MRVTAPRTVLLLLWGAVALTETWAGSHSMRYFYTAMSRPGRGEPRFIAVGYVDDTQFVRFDSDAASPRTEPRAPWIEQEGPEYWDRNTQIFKTNTQTYRESLRNLRGYYNQSEAGSHIIQRMYGCDLGPDGRLLRGHDQSAYDGKDYIALNEDLSSWTAADTAAQITQRKWEAARVAEQLRAYLEGLCVEWLRRYLENGKETLQRADPPKTHVTHHPVSDHEATLRCWALGFYPAEITLTWQRDGEDQTQDTELVETRPAGDRTFQKWAAVVVPSGEEQRYTCHVQHEGLPKPLTLRWEPSSQSTIPIVGIVAGLAVLAVVVIGAVVATVMCRRKSSGGKGGSYSQAASSDSAQGSDVSLTA,HLA00237
B*57:03,MRVTAPRTVLLLLWGAVALTETWAGSHSMRYFYTAMSRPGRGEPRFIAVGYVDDTQFVRFDSDAASPRMAPRAPWIEQEGPEYWDGETRNMKASAQTYRENLRIALRYYNQSEAGSHIIQVMYGCDVGPDGRLLRGHNQYAYDGKDYIALNEDLSSWTAADTAAQITQRKWEAARVAEQLRAYLEGLCVEWLRRYLENGKETLQRADPPKTHVTHHPISDHEATLRCWALGFYPAEITLTWQRDGEDQTQDTELVETRPAGDRTFQKWAAVVVPSGEEQRYTCHVQHEGLPKPLTLRWEPSSQSTVPIVGIVAGLAVLAVVVIGAVVAAVMCRRKSSGGKGGSYSQAACSDSAQGSDVSLTA,HLA00383
B*39:01,MLVMAPRTVLLLLSAALALTETWAGSHSMRYFYTSVSRPGRGEPRFISVGYVDDTQFVRFDSDAASPREEPRAPWIEQEGPEYWDRNTQICKTNTQTDRESLRNLRGYYNQSEAGSHTLQRMYGCDVGPDGRLLRGHNQFAYDGKDYIALNEDLSSWTAADTAAQITQRKWEAARVAEQLRTYLEGTCVEWLRRYLENGKETLQRADPPKTHVTHHPISDHEATLRCWALGFYPAEITLTWQRDGEDQTQDTELVETRPAGDRTFQKWAAVVVPSGEEQRYTCHVQHEGLPKPLTLRWEPSSQSTVPIVGIVAGLAVLAVVVIGAVVAAVMCRRKSSGGKGGSYSQAASSDSAQGSDVSLTA,HLA00271
B*08:01,MLVMAPRTVLLLLSAALALTETWAGSHSMRYFDTAMSRPGRGEPRFISVGYVDDTQFVRFDSDAASPREEPRAPWIEQEGPEYWDRNTQIFKTNTQTDRESLRNLRGYYNQSEAGSHTLQSMYGCDVGPDGRLLRGHNQYAYDGKDYIALNEDLRSWTAADTAAQITQRKWEAARVAEQDRAYLEGTCVEWLRRYLENGKDTLERADPPKTHVTHHPISDHEATLRCWALGFYPAEITLTWQRDGEDQTQDTELVETRPAGDRTFQKWAAVVVPSGEEQRYTCHVQHEGLPKPLTLRWEPSSQSTVPIVGIVAGLAVLAVVVIGAVVAAVMCRRKSSGGKGGSYSQAACSDSAQGSDVSLTA,HLA00146
B*35:08,MRVTAPRTVLLLLWGAVALTETWAGSHSMRYFYTAMSRPGRGEPRFIAVGYVDDTQFVRFDSDAASPRTEPRAPWIEQEGPEYWDRNTQIFKTNTQTYRESLRNLRGYYNQSEAGSHIIQRMYGCDLGPDGRLLRGHDQSAYDGKDYIALNEDLSSWTAADTAAQITQRKWEAARVAEQRRAYLEGLCVEWLRRYLENGKETLQRADPPKTHVTHHPVSDHEATLRCWALGFYPAEITLTWQRDGEDQTQDTELVETRPAGDRTFQKWAAVVVPSGEEQRYTCHVQHEGLPKPLTLRWEPSSQSTIPIVGIVAGLAVLAVVVIGAVVATVMCRRKSSGGKGGSYSQAASSDSAQGSDVSLTA,HLA00244
C*03:03,MRVMAPRTLILLLSGALALTETWAGSHSMRYFYTAVSRPGRGEPHFIAVGYVDDTQFVRFDSDAASPRGEPRAPWVEQEGPEYWDRETQKYKRQAQTDRVSLRNLRGYYNQSEARSHIIQRMYGCDVGPDGRLLRGYDQYAYDGKDYIALNEDLRSWTAADTAAQITQRKWEAAREAEQLRAYLEGLCVEWLRRYLKNGKETLQRAEHPKTHVTHHPVSDHEATLRCWALGFYPAEITLTWQWDGEDQTQDTELVETRPAGDGTFQKWAAVVVPSGEEQRYTCHVQHEGLPEPLTLRWEPSSQPTIPIVGIVAGLAVLAVLAVLGAVVAVVMCRRKSSGGKGGSCSQAASSNSAQGSDESLIACKA,HLA00411
C*07:02,MRVMAPRALLLLLSGGLALTETWACSHSMRYFDTAVSRPGRGEPRFISVGYVDDTQFVRFDSDAASPRGEPRAPWVEQEGPEYWDRETQKYKRQAQADRVSLRNLRGYYNQSEDGSHTLQRMSGCDLGPDGRLLRGYDQSAYDGKDYIALNEDLRSWTAADTAAQITQRKLEAARAAEQLRAYLEGTCVEWLRRYLENGKETLQRAEPPKTHVTHHPLSDHEATLRCWALGFYPAEITLTWQRDGEDQTQDTELVETRPAGDGTFQKWAAVVVPSGQEQRYTCHMQHEGLQEPLTLSWEPSSQPTIPIMGIVAGLAVLVVLAVLGAVVTAMMCRRKSSGGKGGSCSQAACSNSAQGSDESLITCKA,HLA00434
C*07:01,MRVMAPRALLLLLSGGLALTETWACSHSMRYFDTAVSRPGRGEPRFISVGYVDDTQFVRFDSDAASPRGEPRAPWVEQEGPEYWDRETQNYKRQAQADRVSLRNLRGYYNQSEDGSHTLQRMYGCDLGPDGRLLRGYDQSAYDGKDYIALNEDLRSWTAADTAAQITQRKLEAARAAEQLRAYLEGTCVEWLRRYLENGKETLQRAEPPKTHVTHHPLSDHEATLRCWALGFYPAEITLTWQRDGEDQTQDTELVETRPAGDGTFQKWAAVVVPSGQEQRYTCHMQHEGLQEPLTLSWEPSSQPTIPIMGIVAGLAVLVVLAVLGAVVTAMMCRRKSSGGKGGSCSQAACSNSAQGSDESLITCKA,HLA00433
B*57:01,MRVTAPRTVLLLLWGAVALTETWAGSHSMRYFYTAMSRPGRGEPRFIAVGYVDDTQFVRFDSDAASPRMAPRAPWIEQEGPEYWDGETRNMKASAQTYRENLRIALRYYNQSEAGSHIIQVMYGCDVGPDGRLLRGHDQSAYDGKDYIALNEDLSSWTAADTAAQITQRKWEAARVAEQLRAYLEGLCVEWLRRYLENGKETLQRADPPKTHVTHHPISDHEATLRCWALGFYPAEITLTWQRDGEDQTQDTELVETRPAGDRTFQKWAAVVVPSGEEQRYTCHVQHEGLPKPLTLRWEPSSQSTVPIVGIVAGLAVLAVVVIGAVVAAVMCRRKSSGGKGGSYSQAACSDSAQGSDVSLTA,HLA00381
C*05:01,MRVMAPRTLILLLSGALALTETWACSHSMRYFYTAVSRPGRGEPRFIAVGYVDDTQFVQFDSDAASPRGEPRAPWVEQEGPEYWDRETQKYKRQAQTDRVNLRKLRGYYNQSEAGSHTLQRMYGCDLGPDGRLLRGYNQFAYDGKDYIALNEDLRSWTAADKAAQITQRKWEAAREAEQRRAYLEGTCVEWLRRYLENGKKTLQRAEHPKTHVTHHPVSDHEATLRCWALGFYPAEITLTWQRDGEDQTQDTELVETRPAGDGTFQKWAAVVVPSGEEQRYTCHVQHEGLPEPLTLRWGPSSQPTIPIVGIVAGLAVLAVLAVLGAVMAVVMCRRKSSGGKGGSCSQAASSNSAQGSDESLIACKA,HLA00427
C*04:01,MRVMAPRTLILLLSGALALTETWAGSHSMRYFSTSVSWPGRGEPRFIAVGYVDDTQFVRFDSDAASPRGEPREPWVEQEGPEYWDRETQKYKRQAQADRVNLRKLRGYYNQSEDGSHTLQRMFGCDLGPDGRLLRGYNQFAYDGKDYIALNEDLRSWTAADTAAQITQRKWEAAREAEQRRAYLEGTCVEWLRRYLENGKETLQRAEHPKTHVTHHPVSDHEATLRCWALGFYPAEITLTWQWDGEDQTQDTELVETRPAGDGTFQKWAAVVVPSGEEQRYTCHVQHEGLPEPLTLRWKPSSQPTIPIVGIVAGLAVLAVLAVLGAMVAVVMCRRKSSGGKGGSCSQAASSNSAQGSDESLIACKA,HLA00420
A*11:01,MAVMAPRTLLLLLSGALALTQTWAGSHSMRYFYTSVSRPGRGEPRFIAVGYVDDTQFVRFDSDAASQRMEPRAPWIEQEGPEYWDQETRNVKAQSQTDRVDLGTLRGYYNQSEDGSHTIQIMYGCDVGPDGRFLRGYRQDAYDGKDYIALNEDLRSWTAADMAAQITKRKWEAAHAAEQQRAYLEGRCVEWLRRYLENGKETLQRTDPPKTHMTHHPISDHEATLRCWALGFYPAEITLTWQRDGEDQTQDTELVETRPAGDGTFQKWAAVVVPSGEEQRYTCHVQHEGLPKPLTLRWELSSQPTIPIVGIIAGLVLLGAVITGAVVAAVMWRRKSSDRKGGSYTQAASSDSAQGSDVSLTACKV,HLA00043
B*40:01,MRVTAPRTVLLLLSAALALTETWAGSHSMRYFHTAMSRPGRGEPRFITVGYVDDTLFVRFDSDATSPRKEPRAPWIEQEGPEYWDRETQISKTNTQTYRESLRNLRGYYNQSEAGSHTLQRMYGCDVGPDGRLLRGHNQYAYDGKDYIALNEDLRSWTAADTAAQISQRKLEAARVAEQLRAYLEGECVEWLRRYLENGKDKLERADPPKTHVTHHPISDHEATLRCWALGFYPAEITLTWQRDGEDQTQDTELVETRPAGDRTFQKWAAVVVPSGEEQRYTCHVQHEGLPKPLTLRWEPSSQSTVPIVGIVAGLAVLAVVVIGAVVAAVMCRRKSSGGKGGSYSQAACSDSAQGSDVSLTA,HLA00291
A*03:01,MAVMAPRTLLLLLSGALALTQTWAGSHSMRYFFTSVSRPGRGEPRFIAVGYVDDTQFVRFDSDAASQRMEPRAPWIEQEGPEYWDQETRNVKAQSQTDRVDLGTLRGYYNQSEAGSHTIQIMYGCDVGSDGRFLRGYRQDAYDGKDYIALNEDLRSWTAADMAAQITKRKWEAAHEAEQLRAYLDGTCVEWLRRYLENGKETLQRTDPPKTHMTHHPISDHEATLRCWALGFYPAEITLTWQRDGEDQTQDTELVETRPAGDGTFQKWAAVVVPSGEEQRYTCHVQHEGLPKPLTLRWELSSQPTIPIVGIIAGLVLLGAVITGAVVAAVMWRRKSSDRKGGSYTQAASSDSAQGSDVSLTACKV,HLA00037
C*06:02,MRVMAPRTLILLLSGALALTETWACSHSMRYFDTAVSRPGRGEPRFISVGYVDDTQFVRFDSDAASPRGEPRAPWVEQEGPEYWDRETQKYKRQAQADRVNLRKLRGYYNQSEDGSHTLQWMYGCDLGPDGRLLRGYDQSAYDGKDYIALNEDLRSWTAADTAAQITQRKWEAAREAEQWRAYLEGTCVEWLRRYLENGKETLQRAEHPKTHVTHHPVSDHEATLRCWALGFYPAEITLTWQRDGEDQTQDTELVETRPAGDGTFQKWAAVVVPSGEEQRYTCHVQHEGLPEPLTLRWEPSSQPTIPIVGIVAGLAVLAVLAVLGAVMAVVMCRRKSSGGKGGSCSQAASSNSAQGSDESLIACKA,HLA00430
A*01:01,MAVMAPRTLLLLLSGALALTQTWAGSHSMRYFFTSVSRPGRGEPRFIAVGYVDDTQFVRFDSDAASQKMEPRAPWIEQEGPEYWDQETRNMKAHSQTDRANLGTLRGYYNQSEDGSHTIQIMYGCDVGPDGRFLRGYRQDAYDGKDYIALNEDLRSWTAADMAAQITKRKWEAVHAAEQRRVYLEGRCVDGLRRYLENGKETLQRTDPPKTHMTHHPISDHEATLRCWALGFYPAEITLTWQRDGEDQTQDTELVETRPAGDGTFQKWAAVVVPSGEEQRYTCHVQHEGLPKPLTLRWELSSQPTIPIVGIIAGLVLLGAVITGAVVAAVMWRRKSSDRKGGSYTQAASSDSAQGSDVSLTACKV,HLA00001
DQB1*02:01,MSWKKALRIPGGLRAATVTLMLSMLSTPVAEGRDSPEDFVYQFKGMCYFTNGTERVRLVSRSIYNREEIVRFDSDVGEFRAVTLLGLPAAEYWNSQKDILERKRAAVDRVCRHNYQLELRTTLQRRVEPTVTISPSRTEALNHHNLLVCSVTDFYPAQIKVRWFRNDQEETAGVVSTPLIRNGDWTFQILVMLEMTPQRGDVYTCHVEHPSLQSPITVEWRAQSESAQSKMLSGIGGFVLGLIFLGLGLIIHHRSQKGLLH,HLA00622
DRB3*03:01,MVCLKLPGGSSLAALTVTLMVLSSRLAFAGDTRPRFLELLKSECHFFNGTERVRFLERYFHNQEEFVRFDSDVGEYRAVTELGRPVAESWNSQKDLLEQKRGQVDNYCRHNYGVVESFTVQRRVHPQVTVYPAKTQPLQHHNLLVCSVSGFYPGSIEVRWFRNGQEEKTGVVSTGLIHNGDWTFQTLVMLETVPRSGEVYTCQVEHPSVTSPLTVEWRARSESAQSKMLSGVGGFVLGLLFLGAGLFIYFRNQKGHSGLQPTGFLS,HLA00902
DRB1*04:04,MVCLKFPGGSCMAALTVTLMVLSSPLALAGDTRPRFLEQVKHECHFFNGTERVRFLDRYFYHQEEYVRFDSDVGEYRAVTELGRPDAEYWNSQKDLLEQRRAAVDTYCRHNYGVVESFTVQRRVYPEVTVYPAKTQPLQHHNLLVCSVNGFYPGSIEVRWFRNGQEEKTGVVSTGLIQNGDWTFQTLVMLETVPRSGEVYTCQVEHPSLTSPLTVEWRARSESAQSKMLSGVGGFVLGLLFLGAGLFIYFRNQKGHSGLQPTGFLS,HLA00689
DRB1*09:01,MVCLKLPGGSCMAALTVTLMVLSSPLALAGDTQPRFLKQDKFECHFFNGTERVRYLHRGIYNQEENVRFDSDVGEYRAVTELGRPVAESWNSQKDFLERRRAEVDTVCRHNYGVGESFTVQRRVHPEVTVYPAKTQPLQHHNLLVCSVSGFYPGSIEVRWFRNGQEEKAGVVSTGLIQNGDWTFQTLVMLETVPRSGEVYTCQVEHPSVMSPLTVEWRARSESAQSKMLSGVGGFVLGLLFLGAGLFIYFRNQKGHSGLQPTGFLS,HLA00749
DRB1*08:03,MVCLRLPGGSCMAVLTVTLMVLSSPLALAGDTRPRFLEYSTGECYFFNGTERVRFLDRYFYNQEEYVRFDSDVGEYRAVTELGRPSAEYWNSQKDILEDRRALVDTYCRHNYGVGESFTVQRRVHPKVTVYPSKTQPLQHHNLLVCSVSGFYPGSIEVRWFRNGQEEKTGVVSTGLIHNGDWTFQTLVMLETVPRSGEVYTCQVEHPSVTSPLTVEWSARSESAQSKMLSGVGGFVLGLLFLGAGLFIYFRNQKGHSGLQPTGFLS,HLA00727
DRB1*13:02,MVCLRLPGGSCMAVLTVTLMVLSSPLALAGDTRPRFLEYSTSECHFFNGTERVRFLDRYFHNQEENVRFDSDVGEFRAVTELGRPDAEYWNSQKDILEDERAAVDTYCRHNYGVGESFTVQRRVHPKVTVYPSKTQPLQHHNLLVCSVSGFYPGSIEVRWFRNGQEEKTGVVSTGLIHNGDWTFQTLVMLETVPRSGEVYTCQVEHPSVTSPLTVEWRARSESAQSKMLSGVGGFVLGLLFLGAGLFIYFRNQKGHSGLQPRGFLS,HLA00798
B*27:05,MRVTAPRTLLLLLWGAVALTETWAGSHSMRYFHTSVSRPGRGEPRFITVGYVDDTLFVRFDSDAASPREEPRAPWIEQEGPEYWDRETQICKAKAQTDREDLRTLLRYYNQSEAGSHTLQNMYGCDVGPDGRLLRGYHQDAYDGKDYIALNEDLSSWTAADTAAQITQRKWEAARVAEQLRAYLEGECVEWLRRYLENGKETLQRADPPKTHVTHHPISDHEATLRCWALGFYPAEITLTWQRDGEDQTQDTELVETRPAGDRTFQKWAAVVVPSGEEQRYTCHVQHEGLPKPLTLRWEPSSQSTVPIVGIVAGLAVLAVVVIGAVVAAVMCRRKSSGGKGGSYSQAACSDSAQGSDVSLTA,HLA00225
DRB1*01:01,MVCLKLPGGSCMTALTVTLMVLSSPLALAGDTRPRFLWQLKFECHFFNGTERVRLLERCIYNQEESVRFDSDVGEYRAVTELGRPDAEYWNSQKDLLEQRRAAVDTYCRHNYGVGESFTVQRRVEPKVTVYPSKTQPLQHHNLLVCSVSGFYPGSIEVRWFRNGQEEKAGVVSTGLIQNGDWTFQTLVMLETVPRSGEVYTCQVEHPSVTSPLTVEWRARSESAQSKMLSGVGGFVLGLLFLGAGLFIYFRNQKGHSGLQPTGFLS,HLA00664
B*37:01,MRVTAPRTLLLLLWGAVALTETWAGSHSMRYFHTSVSRPGRGEPRFISVGYVDDTQFVRFDSDAASPRTEPRAPWIEQEGPEYWDRETQISKTNTQTYREDLRTLLRYYNQSEAGSHTIQRMSGCDVGPDGRLLRGYNQFAYDGKDYIALNEDLSSWTAADTAAQITQRKWEAARVAEQDRAYLEGTCVEWLRRYLENGKETLQRADPPKTHVTHHPISDHEATLRCWALGFYPAEITLTWQRDGEDQTQDTELVETRPAGDRTFQKWAAVVVPSGEEQRYTCHVQHEGLPKPLTLRWEPSSQSTIPIVGIVAGLAVLAVVVIGAVVATVMCRRKSSGGKGGSYSQAASSDSAQGSDVSLTA,HLA00265
DRB1*04:01,MVCLKFPGGSCMAALTVTLMVLSSPLALAGDTRPRFLEQVKHECHFFNGTERVRFLDRYFYHQEEYVRFDSDVGEYRAVTELGRPDAEYWNSQKDLLEQKRAAVDTYCRHNYGVGESFTVQRRVYPEVTVYPAKTQPLQHHNLLVCSVNGFYPGSIEVRWFRNGQEEKTGVVSTGLIQNGDWTFQTLVMLETVPRSGEVYTCQVEHPSLTSPLTVEWRARSESAQSKMLSGVGGFVLGLLFLGAGLFIYFRNQKGHSGLQPTGFLS,HLA00685
DQB1*03:02,MSWKKALRIPGGLRVATVTLMLAMLSTPVAEGRDSPEDFVYQFKGMCYFTNGTERVRLVTRYIYNREEYARFDSDVGVYRAVTPLGPPAAEYWNSQKEVLERTRAELDTVCRHNYQLELRTTLQRRVEPTVTISPSRTEALNHHNLLVCSVTDFYPAQIKVRWFRNDQEETTGVVSTPLIRNGDWTFQILVMLEMTPQRGDVYTCHVEHPSLQNPIIVEWRAQSESAQSKMLSGIGGFVLGLIFLGLGLIIHHRSQKGLLH,HLA00627
DQA1*03:01,MILNKALMLGALALTTVMSPCGGEDIVADHVASYGVNLYQSYGPSGQYSHEFDGDEEFYVDLERKETVWQLPLFRRFRRFDPQFALTNIAVLKHNLNIVIKRSNSTAATNEVPEVTVFSKSPVTLGQPNTLICLVDNIFPPVVNITWLSNGHSVTEGVSETSFLSKSDHSFFKISYLTFLPSADEIYDCKVEHWGLDEPLLKHWEPEIPTPMSELTETVVCALGLSVGLVGIVVGTVLIIRGLRSVGASRHQGPL,HLA00608
E*01:03,MVDGTLLLLLSEALALTQTWAGSHSLKYFHTSVSRPGRGEPRFISVGYVDDTQFVRFDNDAASPRMVPRAPWMEQEGSEYWDRETRSARDTAQIFRVNLRTLRGYYNQSEAGSHTLQWMHGCELGPDGRFLRGYEQFAYDGKDYLTLNEDLRSWTAVDTAAQISEQKSNDASEAEHQRAYLEDTCVEWLHKYLEKGKETLLHLEPPKTHVTHHPISDHEATLRCWALGFYPAEITLTWQQDGEGHTQDTELVETRPAGDGTFQKWAAVVVPSGEEQRYTCHVQHEGLPEPVTLRWKPASQPTIPIVGIIAGLVLLGSVVSGAVVAAVIWRKKSSGGKGGSYSKAEWSDSAQGSESHSL,HLA00936
B*44:05,MRVTAPRTLLLLLWGAVALTETWAGSHSMRYFYTAMSRPGRGEPRFITVGYVDDTLFVRFDSDATSPRKEPRAPWIEQEGPEYWDRETQISKTNTQTYRENLRTALRYYNQSEAGSHIIQRMYGCDVGPDGRLLRGYDQYAYDGKDYIALNEDLSSWTAADTAAQITQRKWEAARVAEQDRAYLEGLCVESLRRYLENGKETLQRADPPKTHVTHHPISDHEVTLRCWALGFYPAEITLTWQRDGEDQTQDTELVETRPAGDRTFQKWAAVVVPSGEEQRYTCHVQHEGLPKPLTLRWEPSSQSTVPIVGIVAGLAVLAVVVIGAVVAAVMCRRKSSGGKGGSYSQAACSDSAQGSDVSLTA,HLA00322
C*08:02,MRVMAPRTLILLLSGALALTETWACSHSMRYFYTAVSRPGRGEPRFIAVGYVDDTQFVQFDSDAASPRGEPRAPWVEQEGPEYWDRETQKYKRQAQTDRVSLRNLRGYYNQSEAGSHTLQRMYGCDLGPDGRLLRGYNQFAYDGKDYIALNEDLRSWTAADKAAQITQRKWEAAREAEQRRAYLEGTCVEWLRRYLENGKKTLQRAEHPKTHVTHHPVSDHEATLRCWALGFYPAEITLTWQRDGEDQTQDTELVETRPAGDGTFQKWAAVVVPSGEEQRYTCHVQHEGLPEPLTLRWGPSSQPTIPIVGIVAGLAVLAVLAVLGAVMAVVMCRRKSSGGKGGSCSQAASSNSAQGSDESLIACKA,HLA00446
A*30:02,MAVMAPRTLLLLLSGALALTQTWAGSHSMRYFSTSVSRPGSGEPRFIAVGYVDDTQFVRFDSDAASQRMEPRAPWIEQERPEYWDQETRNVKAHSQTDRENLGTLRGYYNQSEAGSHTIQIMYGCDVGSDGRFLRGYEQHAYDGKDYIALNEDLRSWTAADMAAQITQRKWEAARRAEQLRAYLEGTCVEWLRRYLENGKETLQRTDPPKTHMTHHPISDHEATLRCWALGFYPAEITLTWQRDGEDQTQDTELVETRPAGDGTFQKWAAVVVPSGEEQRYTCHVQHEGLPKPLTLRWELSSQPTIPIVGIIAGLVLLGAVITGAVVAAVMWRRKSSDRKGGSYTQAASSDSAQGSDVSLTACKV,HLA00090
B*44:02,MRVTAPRTLLLLLWGAVALTETWAGSHSMRYFYTAMSRPGRGEPRFITVGYVDDTLFVRFDSDATSPRKEPRAPWIEQEGPEYWDRETQISKTNTQTYRENLRTALRYYNQSEAGSHIIQRMYGCDVGPDGRLLRGYDQDAYDGKDYIALNEDLSSWTAADTAAQITQRKWEAARVAEQDRAYLEGLCVESLRRYLENGKETLQRADPPKTHVTHHPISDHEVTLRCWALGFYPAEITLTWQRDGEDQTQDTELVETRPAGDRTFQKWAAVVVPSGEEQRYTCHVQHEGLPKPLTLRWEPSSQSTVPIVGIVAGLAVLAVVVIGAVVAAVMCRRKSSGGKGGSYSQAACSDSAQGSDVSLTA,HLA00318
B*15:01,MRVTAPRTVLLLLSGALALTETWAGSHSMRYFYTAMSRPGRGEPRFIAVGYVDDTQFVRFDSDAASPRMAPRAPWIEQEGPEYWDRETQISKTNTQTYRESLRNLRGYYNQSEAGSHTLQRMYGCDVGPDGRLLRGHDQSAYDGKDYIALNEDLSSWTAADTAAQITQRKWEAAREAEQWRAYLEGLCVEWLRRYLENGKETLQRADPPKTHVTHHPISDHEATLRCWALGFYPAEITLTWQRDGEDQTQDTELVETRPAGDRTFQKWAAVVVPSGEEQRYTCHVQHEGLPKPLTLRWEPSSQSTIPIVGIVAGLAVLAVVVIGAVVATVMCRRKSSGGKGGSYSQAASSDSAQGSDVSLTA,HLA00162
A*02:06,MAVMAPRTLVLLLSGALALTQTWAGSHSMRYFYTSVSRPGRGEPRFIAVGYVDDTQFVRFDSDAASQRMEPRAPWIEQEGPEYWDGETRKVKAHSQTHRVDLGTLRGYYNQSEAGSHTVQRMYGCDVGSDWRFLRGYHQYAYDGKDYIALKEDLRSWTAADMAAQTTKHKWEAAHVAEQLRAYLEGTCVEWLRRYLENGKETLQRTDAPKTHMTHHAVSDHEATLRCWALSFYPAEITLTWQRDGEDQTQDTELVETRPAGDGTFQKWAAVVVPSGQEQRYTCHVQHEGLPKPLTLRWEPSSQPTIPIVGIIAGLVLFGAVITGAVVAAVMWRRKSSDRKGGSYSQAASSDSAQGSDVSLTACKV,HLA00011
B*07:02,MLVMAPRTVLLLLSAALALTETWAGSHSMRYFYTSVSRPGRGEPRFISVGYVDDTQFVRFDSDAASPREEPRAPWIEQEGPEYWDRNTQIYKAQAQTDRESLRNLRGYYNQSEAGSHTLQSMYGCDVGPDGRLLRGHDQYAYDGKDYIALNEDLRSWTAADTAAQITQRKWEAAREAEQRRAYLEGECVEWLRRYLENGKDKLERADPPKTHVTHHPISDHEATLRCWALGFYPAEITLTWQRDGEDQTQDTELVETRPAGDRTFQKWAAVVVPSGEEQRYTCHVQHEGLPKPLTLRWEPSSQSTVPIVGIVAGLAVLAVVVIGAVVAAVMCRRKSSGGKGGSYSQAACSDSAQGSDVSLTA,HLA00132
B*51:01,MRVTAPRTVLLLLWGAVALTETWAGSHSMRYFYTAMSRPGRGEPRFIAVGYVDDTQFVRFDSDAASPRTEPRAPWIEQEGPEYWDRNTQIFKTNTQTYRENLRIALRYYNQSEAGSHTWQTMYGCDVGPDGRLLRGHNQYAYDGKDYIALNEDLSSWTAADTAAQITQRKWEAAREAEQLRAYLEGLCVEWLRRHLENGKETLQRADPPKTHVTHHPVSDHEATLRCWALGFYPAEITLTWQRDGEDQTQDTELVETRPAGDRTFQKWAAVVVPSGEEQRYTCHVQHEGLPKPLTLRWEPSSQSTIPIVGIVAGLAVLAVVVIGAVVATVMCRRKSSGGKGGSYSQAASSDSAQGSDVSLTA,HLA00344
DRB1*11:01,MVCLRLPGGSCMAVLTVTLMVLSSPLALAGDTRPRFLEYSTSECHFFNGTERVRFLDRYFYNQEEYVRFDSDVGEFRAVTELGRPDEEYWNSQKDFLEDRRAAVDTYCRHNYGVGESFTVQRRVHPKVTVYPSKTQPLQHHNLLVCSVSGFYPGSIEVRWFRNGQEEKTGVVSTGLIHNGDWTFQTLVMLETVPRSGEVYTCQVEHPSVTSPLTVEWRARSESAQSKMLSGVGGFVLGLLFLGAGLFIYFRNQKGHSGLQPRGFLS,HLA00751
DQB1*05:02,MSWKKSLRIPGDLRVATVTLMLAILSSSLAEGRDSPEDFVYQFKGLCYFTNGTERVRGVTRHIYNREEYVRFDSDVGVYRAVTPQGRPSAEYWNSQKEVLEGARASVDRVCRHNYEVAYRGILQRRVEPTVTISPSRTEALNHHNLLICSVTDFYPSHIKVRWFRNDQEETAGVVSTPLIRNGDWTFQILVMLEMTPQRGDVYTCHVEHPSLQSPITVEWRAQSESAQSKMLSGVGGFVLGLIFLGLGLIIRQRSRKGLLH,HLA00639
DPA1*01:03,MRPEDRMFHIRAVILRALSLAFLLSLRGAGAIKADHVSTYAAFVQTHRPTGEFMFEFDEDEMFYVDLDKKETVWHLEEFGQAFSFEAQGGLANIAILNNNLNTLIQRSNHTQATNDPPEVTVFPKEPVELGQPNTLICHIDKFFPPVLNVTWLCNGELVTEGVAESLFLPRTDYSFHKFHYLTFVPSAEDFYDCRVEHWGLDQPLLKHWEAQEPIQMPETTETVLCALGLVLGLVGIIVGTVLIIKSLRSGHDPRAQGTL,HLA00499
DPB1*04:01,MMVLQVSAAPRTVALTALLMVLLTSVVQGRATPENYLFQGRQECYAFNGTQRFLERYIYNREEFARFDSDVGEFRAVTELGRPAAEYWNSQKDILEEKRAVPDRMCRHNYELGGPMTLQRRVQPRVNVSPSKKGPLQHHNLLVCHVTDFYPGSIQVRWFLNGQEETAGVVSTNLIRNGDWTFQILVMLEMTPQQGDVYTCQVEHTSLDSPVTVEWKAQSDSARSKTLTGAGGFVLGLIICGVGIFMHRRSKKVQRGSA,HLA00521
B*44:03,MRVTAPRTLLLLLWGAVALTETWAGSHSMRYFYTAMSRPGRGEPRFITVGYVDDTLFVRFDSDATSPRKEPRAPWIEQEGPEYWDRETQISKTNTQTYRENLRTALRYYNQSEAGSHIIQRMYGCDVGPDGRLLRGYDQDAYDGKDYIALNEDLSSWTAADTAAQITQRKWEAARVAEQLRAYLEGLCVESLRRYLENGKETLQRADPPKTHVTHHPISDHEVTLRCWALGFYPAEITLTWQRDGEDQTQDTELVETRPAGDRTFQKWAAVVVPSGEEQRYTCHVQHEGLPKPLTLRWEPSSQSTVPIVGIVAGLAVLAVVVIGAVVAAVMCRRKSSGGKGGSYSQAACSDSAQGSDVSLTA,HLA00319
B*35:03,MRVTAPRTVLLLLWGAVALTETWAGSHSMRYFYTAMSRPGRGEPRFIAVGYVDDTQFVRFDSDAASPRTEPRAPWIEQEGPEYWDRNTQIFKTNTQTYRESLRNLRGYYNQSEAGSHIIQRMYGCDLGPDGRLLRGHDQFAYDGKDYIALNEDLSSWTAADTAAQITQRKWEAARVAEQLRAYLEGLCVEWLRRYLENGKETLQRADPPKTHVTHHPVSDHEATLRCWALGFYPAEITLTWQRDGEDQTQDTELVETRPAGDRTFQKWAAVVVPSGEEQRYTCHVQHEGLPKPLTLRWEPSSQSTIPIVGIVAGLAVLAVVVIGAVVATVMCRRKSSGGKGGSYSQAASSDSAQGSDVSLTA,HLA00239
A*02:05,MAVMAPRTLVLLLSGALALTQTWAGSHSMRYFYTSVSRPGRGEPRFIAVGYVDDTQFVRFDSDAASRRMEPRAPWIEQEGPEYWDGETRKVKAHSQTHRVDLGTLRGYYNQSEAGSHTLQRMYGCDVGSDWRFLRGYHQYAYDGKDYIALKEDLRSWTAADMAAQTTKHKWEAAHVAEQWRAYLEGTCVEWLRRYLENGKETLQRTDAPKTHMTHHAVSDHEATLRCWALSFYPAEITLTWQRDGEDQTQDTELVETRPAGDGTFQKWAAVVVPSGQEQRYTCHVQHEGLPKPLTLRWEPSSQPTIPIVGIIAGLVLFGAVITGAVVAAVMWRRKSSDRKGGSYSQAASSDSAQGSDVSLTACKV,HLA00010
C*03:04,MRVMAPRTLILLLSGALALTETWAGSHSMRYFYTAVSRPGRGEPHFIAVGYVDDTQFVRFDSDAASPRGEPRAPWVEQEGPEYWDRETQKYKRQAQTDRVSLRNLRGYYNQSEAGSHIIQRMYGCDVGPDGRLLRGYDQYAYDGKDYIALNEDLRSWTAADTAAQITQRKWEAAREAEQLRAYLEGLCVEWLRRYLKNGKETLQRAEHPKTHVTHHPVSDHEATLRCWALGFYPAEITLTWQWDGEDQTQDTELVETRPAGDGTFQKWAAVVVPSGEEQRYTCHVQHEGLPEPLTLRWEPSSQPTIPIVGIVAGLAVLAVLAVLGAVVAVVMCRRKSSGGKGGSCSQAASSNSAQGSDESLIACKA,HLA00413
B*18:01,MRVTAPRTLLLLLWGAVALTETWAGSHSMRYFHTSVSRPGRGEPRFISVGYVDGTQFVRFDSDAASPRTEPRAPWIEQEGPEYWDRNTQISKTNTQTYRESLRNLRGYYNQSEAGSHTLQRMYGCDVGPDGRLLRGHDQSAYDGKDYIALNEDLSSWTAADTAAQITQRKWEAARVAEQLRAYLEGTCVEWLRRHLENGKETLQRADPPKTHVTHHPISDHEATLRCWALGFYPAEITLTWQRDGEDQTQDTELVETRPAGDRTFQKWAAVVVPSGEEQRYTCHVQHEGLPKPLTLRWEPSSQSTIPIVGIVAGLAVLAVVVIGAVVATVMCRRKSSGGKGGSYSQAASSDSAQGSDVSLTA,HLA00213
A*29:02,MAVMAPRTLLLLLLGALALTQTWAGSHSMRYFTTSVSRPGRGEPRFIAVGYVDDTQFVRFDSDAASQRMEPRAPWIEQEGPEYWDLQTRNVKAQSQTDRANLGTLRGYYNQSEAGSHTIQMMYGCDVGSDGRFLRGYRQDAYDGKDYIALNEDLRSWTAADMAAQITQRKWEAARVAEQLRAYLEGTCVEWLRRYLENGKETLQRTDAPKTHMTHHAVSDHEATLRCWALSFYPAEITLTWQRDGEDQTQDTELVETRPAGDGTFQKWASVVVPSGQEQRYTCHVQHEGLPKPLTLRWEPSSQPTIPIVGIIAGLVLFGAVFAGAVVAAVRWRRKSSDRKGGSYSQAASSDSAQGSDMSLTACKV,HLA00086
C*01:02,MRVMAPRTLILLLSGALALTETWACSHSMKYFFTSVSRPGRGEPRFISVGYVDDTQFVRFDSDAASPRGEPRAPWVEQEGPEYWDRETQKYKRQAQTDRVSLRNLRGYYNQSEAGSHTLQWMCGCDLGPDGRLLRGYDQYAYDGKDYIALNEDLRSWTAADTAAQITQRKWEAAREAEQRRAYLEGTCVEWLRRYLENGKETLQRAEHPKTHVTHHPVSDHEATLRCWALGFYPAEITLTWQWDGEDQTQDTELVETRPAGDGTFQKWAAVMVPSGEEQRYTCHVQHEGLPEPLTLRWEPSSQPTIPIVGIVAGLAVLAVLAVLGAVVAVVMCRRKSSGGKGGSCSQAASSNSAQGSDESLIACKA,HLA00401
B*50:01,MRVTAPRTVLLLLSAALALTETWAGSHSMRYFHTAMSRPGRGEPRFITVGYVDDTLFVRFDSDATSPRKEPRAPWIEQEGPEYWDRETQISKTNTQTYRESLRNLRGYYNQSEAGSHTWQRMYGCDLGPDGRLLRGYNQLAYDGKDYIALNEDLSSWTAADTAAQITQRKWEAAREAEQLRAYLEGLCVEWLRRYLENGKETLQRADPPKTHVTHHPISDHEATLRCWALGFYPAEITLTWQRDGEDQTQDTELVETRPAGDRTFQKWAAVVVPSGEEQRYTCHVQHEGLPKPLTLRWEPSSQSTIPIVGIVAGLAVLAVVVIGAVVATVMCRRKSSGGKGGSYSQAASSDSAQGSDVSLTA,HLA00341
B*41:02,MRVTAPRTVLLLLSAALALTETWAGSHSMRYFHTAMSRPGRGEPRFITVGYVDDTLFVRFDSDATSPRKEPRAPWIEQEGPEYWDRETQISKTNTQTYRESLRNLRGYYNQSEAGSHTLQSMYGCDVGPDGRLLRGHNQYAYDGKDYIALNEDLRSWTAADTAAQITQRKWEAARVAEQDRAYLEGTCVEWLRRYLENGKDTLERADPPKTHVTHHPISDHEATLRCWALGFYPAEITLTWQRDGEDQTQDTELVETRPAGDRTFQKWAAVVVPSGEEQRYTCHVQHEGLPKPLTLRWEPSSQSTVPIVGIVAGLAVLAVVVIGAVVAAVMCRRKSSGGKGGSYSQAACSDSAQGSDVSLTA,HLA00313
DRB3*02:01,MVCLKLPGGSSLAALTVTLMVLSSRLAFAGDTRPRFLELLKSECHFFNGTERVRFLERHFHNQEEYARFDSDVGEYRAVRELGRPDAEYWNSQKDLLEQKRGQVDNYCRHNYGVVESFTVQRRVHPQVTVYPAKTQPLQHHNLLVCSVSGFYPGSIEVRWFRNGQEEKAGVVSTGLIQNGDWTFQTLVMLETFPRSGEVYTCQVEHPSVTSPLTVEWSARSESAQSKMLSGVGGFVLGLLFLGAGLFIYFRNQKGHSGLQPTGFLS,HLA00894
DPA1*02:01,MRPEDRMFHIRAVILRALSLAFLLSLRGAGAIKADHVSTYAAFVQTHRPTGEFMFEFDEDEQFYVDLDKKETVWHLEEFGRAFSFEAQGGLANIAILNNNLNTLIQRSNHTQAANDPPEVTVFPKEPVELGQPNTLICHIDRFFPPVLNVTWLCNGEPVTEGVAESLFLPRTDYSFHKFHYLTFVPSAEDVYDCRVEHWGLDQPLLKHWEAQEPIQMPETTETVLCALGLVLGLVGIIVGTVLIIKSLRSGHDPRAQGPL,HLA00504
DPB1*13:01,MMVLQVSAAPRTVALTALLMVLLTSVVQGRATPENYVYQLRQECYAFNGTQRFLERYIYNREEYARFDSDVGEFRAVTELGRPAAEYWNSQKDILEEERAVPDRICRHNYELDEAVTLQRRVQPKVNVSPSKKGPLQHHNLLVCHVTDFYPGSIQVRWFLNGQEETAGVVSTNLIRNGDWTFQILVMLEMTPQQGDVYICQVEHTSLDSPVTVEWKAQSDSARSKTLTGAGGFVLGLIICGVGIFMHRRSKKVQRGSA,HLA00530
DPB1*13:01,MMVLQVSAAPRTVALTALLMVLLTSVVQGRATPENYVYQLRQECYAFNGTQRFLERYIYNREEYARFDSDVGEFRAVTELGRPAAEYWNSQKDILEEERAVPDRICRHNYELDEAVTLQRRVQPKVNVSPSKKGPLQHHNLLVCHVTDFYPGSIQVRWFLNGQEETAGVVSTNLIRNGDWTFQILVMLEMTPQQGDVYICQVEHTSLDSPVTVEWKAQSDSARSKTLTGAGGFVLGLIICGVGIFMHRRSKKVQRGSA,HLA00530
DPB1*13:01,MMVLQVSAAPRTVALTALLMVLLTSVVQGRATPENYVYQLRQECYAFNGTQRFLERYIYNREEYARFDSDVGEFRAVTELGRPAAEYWNSQKDILEEERAVPDRICRHNYELDEAVTLQRRVQPKVNVSPSKKGPLQHHNLLVCHVTDFYPGSIQVRWFLNGQEETAGVVSTNLIRNGDWTFQILVMLEMTPQQGDVYICQVEHTSLDSPVTVEWKAQSDSARSKTLTGAGGFVLGLIICGVGIFMHRRSKKVQRGSA,HLA00530
DPB1*13:01,MMVLQVSAAPRTVALTALLMVLLTSVVQGRATPENYVYQLRQECYAFNGTQRFLERYIYNREEYARFDSDVGEFRAVTELGRPAAEYWNSQKDILEEERAVPDRICRHNYELDEAVTLQRRVQPKVNVSPSKKGPLQHHNLLVCHVTDFYPGSIQVRWFLNGQEETAGVVSTNLIRNGDWTFQILVMLEMTPQQGDVYICQVEHTSLDSPVTVEWKAQSDSARSKTLTGAGGFVLGLIICGVGIFMHRRSKKVQRGSA,HLA00530
DPB1*13:01,MMVLQVSAAPRTVALTALLMVLLTSVVQGRATPENYVYQLRQECYAFNGTQRFLERYIYNREEYARFDSDVGEFRAVTELGRPAAEYWNSQKDILEEERAVPDRICRHNYELDEAVTLQRRVQPKVNVSPSKKGPLQHHNLLVCHVTDFYPGSIQVRWFLNGQEETAGVVSTNLIRNGDWTFQILVMLEMTPQQGDVYICQVEHTSLDSPVTVEWKAQSDSARSKTLTGAGGFVLGLIICGVGIFMHRRSKKVQRGSA,HLA00530
DPB1*13:01,MMVLQVSAAPRTVALTALLMVLLTSVVQGRATPENYVYQLRQECYAFNGTQRFLERYIYNREEYARFDSDVGEFRAVTELGRPAAEYWNSQKDILEEERAVPDRICRHNYELDEAVTLQRRVQPKVNVSPSKKGPLQHHNLLVCHVTDFYPGSIQVRWFLNGQEETAGVVSTNLIRNGDWTFQILVMLEMTPQQGDVYICQVEHTSLDSPVTVEWKAQSDSARSKTLTGAGGFVLGLIICGVGIFMHRRSKKVQRGSA,HLA00530
DPB1*13:01,MMVLQVSAAPRTVALTALLMVLLTSVVQGRATPENYVYQLRQECYAFNGTQRFLERYIYNREEYARFDSDVGEFRAVTELGRPAAEYWNSQKDILEEERAVPDRICRHNYELDEAVTLQRRVQPKVNVSPSKKGPLQHHNLLVCHVTDFYPGSIQVRWFLNGQEETAGVVSTNLIRNGDWTFQILVMLEMTPQQGDVYICQVEHTSLDSPVTVEWKAQSDSARSKTLTGAGGFVLGLIICGVGIFMHRRSKKVQRGSA,HLA00530
DPB1*13:01,MMVLQVSAAPRTVALTALLMVLLTSVVQGRATPENYVYQLRQECYAFNGTQRFLERYIYNREEYARFDSDVGEFRAVTELGRPAAEYWNSQKDILEEERAVPDRICRHNYELDEAVTLQRRVQPKVNVSPSKKGPLQHHNLLVCHVTDFYPGSIQVRWFLNGQEETAGVVSTNLIRNGDWTFQILVMLEMTPQQGDVYICQVEHTSLDSPVTVEWKAQSDSARSKTLTGAGGFVLGLIICGVGIFMHRRSKKVQRGSA,HLA00530
DPB1*13:01,MMVLQVSAAPRTVALTALLMVLLTSVVQGRATPENYVYQLRQECYAFNGTQRFLERYIYNREEYARFDSDVGEFRAVTELGRPAAEYWNSQKDILEEERAVPDRICRHNYELDEAVTLQRRVQPKVNVSPSKKGPLQHHNLLVCHVTDFYPGSIQVRWFLNGQEETAGVVSTNLIRNGDWTFQILVMLEMTPQQGDVYICQVEHTSLDSPVTVEWKAQSDSARSKTLTGAGGFVLGLIICGVGIFMHRRSKKVQRGSA,HLA00530
DPB1*13:01,MMVLQVSAAPRTVALTALLMVLLTSVVQGRATPENYVYQLRQECYAFNGTQRFLERYIYNREEYARFDSDVGEFRAVTELGRPAAEYWNSQKDILEEERAVPDRICRHNYELDEAVTLQRRVQPKVNVSPSKKGPLQHHNLLVCHVTDFYPGSIQVRWFLNGQEETAGVVSTNLIRNGDWTFQILVMLEMTPQQGDVYICQVEHTSLDSPVTVEWKAQSDSARSKTLTGAGGFVLGLIICGVGIFMHRRSKKVQRGSA,HLA00530
DPB1*13:01,MMVLQVSAAPRTVALTALLMVLLTSVVQGRATPENYVYQLRQECYAFNGTQRFLERYIYNREEYARFDSDVGEFRAVTELGRPAAEYWNSQKDILEEERAVPDRICRHNYELDEAVTLQRRVQPKVNVSPSKKGPLQHHNLLVCHVTDFYPGSIQVRWFLNGQEETAGVVSTNLIRNGDWTFQILVMLEMTPQQGDVYICQVEHTSLDSPVTVEWKAQSDSARSKTLTGAGGFVLGLIICGVGIFMHRRSKKVQRGSA,HLA00530
DPB1*13:01,MMVLQVSAAPRTVALTALLMVLLTSVVQGRATPENYVYQLRQECYAFNGTQRFLERYIYNREEYARFDSDVGEFRAVTELGRPAAEYWNSQKDILEEERAVPDRICRHNYELDEAVTLQRRVQPKVNVSPSKKGPLQHHNLLVCHVTDFYPGSIQVRWFLNGQEETAGVVSTNLIRNGDWTFQILVMLEMTPQQGDVYICQVEHTSLDSPVTVEWKAQSDSARSKTLTGAGGFVLGLIICGVGIFMHRRSKKVQRGSA,HLA00530
DPB1*13:01,MMVLQVSAAPRTVALTALLMVLLTSVVQGRATPENYVYQLRQECYAFNGTQRFLERYIYNREEYARFDSDVGEFRAVTELGRPAAEYWNSQKDILEEERAVPDRICRHNYELDEAVTLQRRVQPKVNVSPSKKGPLQHHNLLVCHVTDFYPGSIQVRWFLNGQEETAGVVSTNLIRNGDWTFQILVMLEMTPQQGDVYICQVEHTSLDSPVTVEWKAQSDSARSKTLTGAGGFVLGLIICGVGIFMHRRSKKVQRGSA,HLA00530
DPB1*13:01,MMVLQVSAAPRTVALTALLMVLLTSVVQGRATPENYVYQLRQECYAFNGTQRFLERYIYNREEYARFDSDVGEFRAVTELGRPAAEYWNSQKDILEEERAVPDRICRHNYELDEAVTLQRRVQPKVNVSPSKKGPLQHHNLLVCHVTDFYPGSIQVRWFLNGQEETAGVVSTNLIRNGDWTFQILVMLEMTPQQGDVYICQVEHTSLDSPVTVEWKAQSDSARSKTLTGAGGFVLGLIICGVGIFMHRRSKKVQRGSA,HLA00530
DPB1*13:01,MMVLQVSAAPRTVALTALLMVLLTSVVQGRATPENYVYQLRQECYAFNGTQRFLERYIYNREEYARFDSDVGEFRAVTELGRPAAEYWNSQKDILEEERAVPDRICRHNYELDEAVTLQRRVQPKVNVSPSKKGPLQHHNLLVCHVTDFYPGSIQVRWFLNGQEETAGVVSTNLIRNGDWTFQILVMLEMTPQQGDVYICQVEHTSLDSPVTVEWKAQSDSARSKTLTGAGGFVLGLIICGVGIFMHRRSKKVQRGSA,HLA00530
DPB1*13:01,MMVLQVSAAPRTVALTALLMVLLTSVVQGRATPENYVYQLRQECYAFNGTQRFLERYIYNREEYARFDSDVGEFRAVTELGRPAAEYWNSQKDILEEERAVPDRICRHNYELDEAVTLQRRVQPKVNVSPSKKGPLQHHNLLVCHVTDFYPGSIQVRWFLNGQEETAGVVSTNLIRNGDWTFQILVMLEMTPQQGDVYICQVEHTSLDSPVTVEWKAQSDSARSKTLTGAGGFVLGLIICGVGIFMHRRSKKVQRGSA,HLA00530
DPB1*13:01,MMVLQVSAAPRTVALTALLMVLLTSVVQGRATPENYVYQLRQECYAFNGTQRFLERYIYNREEYARFDSDVGEFRAVTELGRPAAEYWNSQKDILEEERAVPDRICRHNYELDEAVTLQRRVQPKVNVSPSKKGPLQHHNLLVCHVTDFYPGSIQVRWFLNGQEETAGVVSTNLIRNGDWTFQILVMLEMTPQQGDVYICQVEHTSLDSPVTVEWKAQSDSARSKTLTGAGGFVLGLIICGVGIFMHRRSKKVQRGSA,HLA00530
DPB1*13:01,MMVLQVSAAPRTVALTALLMVLLTSVVQGRATPENYVYQLRQECYAFNGTQRFLERYIYNREEYARFDSDVGEFRAVTELGRPAAEYWNSQKDILEEERAVPDRICRHNYELDEAVTLQRRVQPKVNVSPSKKGPLQHHNLLVCHVTDFYPGSIQVRWFLNGQEETAGVVSTNLIRNGDWTFQILVMLEMTPQQGDVYICQVEHTSLDSPVTVEWKAQSDSARSKTLTGAGGFVLGLIICGVGIFMHRRSKKVQRGSA,HLA00530
DPB1*13:01,MMVLQVSAAPRTVALTALLMVLLTSVVQGRATPENYVYQLRQECYAFNGTQRFLERYIYNREEYARFDSDVGEFRAVTELGRPAAEYWNSQKDILEEERAVPDRICRHNYELDEAVTLQRRVQPKVNVSPSKKGPLQHHNLLVCHVTDFYPGSIQVRWFLNGQEETAGVVSTNLIRNGDWTFQILVMLEMTPQQGDVYICQVEHTSLDSPVTVEWKAQSDSARSKTLTGAGGFVLGLIICGVGIFMHRRSKKVQRGSA,HLA00530
